[
  {
    "batch": 1,
    "error": "duplicate key value violates unique constraint \"pages_domain_id_url_hash_key\"",
    "pages": [
      "",
      "abbeville-la-riviere",
      "ableiges",
      "ablis",
      "ablon-sur-seine",
      "acheres",
      "acheres-la-foret",
      "adainville",
      "aigremont",
      "aincourt",
      "alfortville",
      "allainville",
      "ambleville",
      "amenucourt",
      "amillis",
      "amponville",
      "andelu",
      "andilly",
      "andresy",
      "andrezel",
      "angerville",
      "angervilliers",
      "annet-sur-marne",
      "antony",
      "arbonne-la-foret",
      "arcueil",
      "argenteuil",
      "argentieres",
      "armentieres-en-brie",
      "arnouville",
      "arnouville-les-mantes",
      "arpajon",
      "arrancourt",
      "arronville",
      "arthies",
      "arville",
      "asnieres-sur-oise",
      "asnieres-sur-seine",
      "athis-mons",
      "attainville",
      "aubepierre-ozouer-le-repos",
      "aubergenville",
      "aubervilliers",
      "auffargis",
      "aufferville",
      "auffreville-brasseuil",
      "augers-en-brie",
      "aulnay-sous-bois",
      "aulnay-sur-mauldre",
      "aulnoy",
      "auteuil",
      "authon-la-plaine",
      "autouillet",
      "auvernaux",
      "auvers-saint-georges",
      "auvers-sur-oise",
      "avernes",
      "avon",
      "avrainville",
      "baby",
      "bagneaux-sur-loing",
      "bagneux",
      "bagnolet",
      "baillet-en-france",
      "bailly",
      "bailly-romainvilliers",
      "ballainvilliers",
      "ballancourt-sur-essonne",
      "balloy",
      "bannost-villegagnon",
      "banthelu",
      "barbey",
      "barbizon",
      "barcy",
      "bassevelle",
      "baulne",
      "bazainville",
      "bazemont",
      "bazoches-les-bray",
      "bazoches-sur-guyonne",
      "beauchamp",
      "beauchery-saint-martin",
      "beaumont-du-gatinais",
      "beaumont-sur-oise",
      "beautheil",
      "beauvais",
      "beauvoir",
      "behoust",
      "bellefontaine",
      "bellot",
      "belloy-en-france",
      "bennecourt",
      "bernay-vilbert",
      "bernes-sur-oise",
      "berville",
      "bessancourt",
      "bethemont-la-foret",
      "beton-bazoches",
      "beynes",
      "bezalles"
    ]
  }
]