"Type","From","To","Anchor Text","Alt Text","Follow","Target","Rel","Status Code","Status","Path Type","Link Path","Link Position","Link Origin"
"Image","https://allo-electricien.pro/verneuil-l-etang/","https://allo-electricien.pro/images/hero/elec-101-hero.jpg","","Électricien d'urgence à VERNEUIL-L'ETANG (77390) - Dépannage 24/7","True","","","404","Not Found","Absolute","//body/section[1]/div[1]/picture/img","Content","HTML"
"Image","https://allo-electricien.pro/dampmart/","https://allo-electricien.pro/images/hero/elec-102-hero.jpg","","Électricien d'urgence à DAMPMART (77400) - Dépannage 24/7","True","","","404","Not Found","Absolute","//body/section[1]/div[1]/picture/img","Content","HTML"
"Image","https://allo-electricien.pro/collegien/","https://allo-electricien.pro/images/hero/elec-103-hero.jpg","","Électricien d'urgence à COLLEGIEN (77090) - Dépannage 24/7","True","","","404","Not Found","Absolute","//body/section[2]/div[1]/picture/img","Content","HTML"
"Image","https://allo-electricien.pro/montfort-l-amaury/","https://allo-electricien.pro/images/hero/elec-104-hero.jpg","","Électricien d'urgence à MONTFORT-L'AMAURY (78490) - Dépannage 24/7","True","","","404","Not Found","Absolute","//body/section[2]/div[1]/picture/img","Content","HTML"
"Image","https://allo-electricien.pro/boissy-le-chatel/","https://allo-electricien.pro/images/hero/elec-106-hero.jpg","","Électricien d'urgence à BOISSY-LE-CHATEL (77169) - Dépannage 24/7","True","","","404","Not Found","Absolute","//body/section[2]/div[1]/picture/img","Content","HTML"
"Image","https://allo-electricien.pro/boutigny-sur-essonne/","https://allo-electricien.pro/images/hero/elec-107-hero.jpg","","Électricien d'urgence à BOUTIGNY-SUR-ESSONNE (91820) - Dépannage 24/7","True","","","404","Not Found","Absolute","//body/section[2]/div[1]/picture/img","Content","HTML"
"Image","https://allo-electricien.pro/la-rochette/","https://allo-electricien.pro/images/hero/elec-108-hero.jpg","","Électricien d'urgence à LA ROCHETTE (77000) - Dépannage 24/7","True","","","404","Not Found","Absolute","//body/section[1]/div[1]/picture/img","Content","HTML"
"Image","https://allo-electricien.pro/etiolles/","https://allo-electricien.pro/images/hero/elec-109-hero.jpg","","Électricien d'urgence à ETIOLLES (91450) - Dépannage 24/7","True","","","404","Not Found","Absolute","//body/section[1]/div[1]/picture/img","Content","HTML"
"Image","https://allo-electricien.pro/chaumes-en-brie/","https://allo-electricien.pro/images/hero/elec-110-hero.jpg","","Électricien d'urgence à CHAUMES-en-BRIE (77390) - Dépannage 24/7","True","","","404","Not Found","Absolute","//body/section[1]/div[1]/picture/img","Content","HTML"
"Image","https://allo-electricien.pro/neauphle-le-chateau/","https://allo-electricien.pro/images/hero/elec-111-hero.jpg","","Électricien d'urgence à NEAUPHLE-LE-CHATEAU (78640) - Dépannage 24/7","True","","","404","Not Found","Absolute","//body/section[2]/div[1]/picture/img","Content","HTML"
"Image","https://allo-electricien.pro/servon/","https://allo-electricien.pro/images/hero/elec-112-hero.jpg","","Électricien d'urgence à SERVON (77170) - Dépannage 24/7","True","","","404","Not Found","Absolute","//body/section[1]/div[1]/picture/img","Content","HTML"
"Image","https://allo-electricien.pro/feucherolles/","https://allo-electricien.pro/images/hero/elec-114-hero.jpg","","Électricien d'urgence à FEUCHEROLLES (78810) - Dépannage 24/7","True","","","404","Not Found","Absolute","//body/section[2]/div[1]/picture/img","Content","HTML"
"Image","https://allo-electricien.pro/saint-vrain/","https://allo-electricien.pro/images/hero/elec-117-hero.jpg","","Électricien d'urgence à SAINT-VRAIN (91770) - Dépannage 24/7","True","","","404","Not Found","Absolute","//body/section[2]/div[1]/picture/img","Content","HTML"
"Image","https://allo-electricien.pro/donnemarie-dontilly/","https://allo-electricien.pro/images/hero/elec-118-hero.jpg","","Électricien d'urgence à DONNEMARIE-DONTILLY (77520) - Dépannage 24/7","True","","","404","Not Found","Absolute","//body/section[2]/div[1]/picture/img","Content","HTML"
"Image","https://allo-electricien.pro/pommeuse/","https://allo-electricien.pro/images/hero/elec-119-hero.jpg","","Électricien d'urgence à POMMEUSE (77515) - Dépannage 24/7","True","","","404","Not Found","Absolute","//body/section[2]/div[1]/picture/img","Content","HTML"
"Image","https://allo-electricien.pro/frepillon/","https://allo-electricien.pro/images/hero/elec-120-hero.jpg","","Électricien d'urgence à FREPILLON (95740) - Dépannage 24/7","True","","","404","Not Found","Absolute","//body/section[2]/div[1]/picture/img","Content","HTML"
"Image","https://allo-electricien.pro/montigny-sur-loing/","https://allo-electricien.pro/images/hero/elec-121-hero.jpg","","Électricien d'urgence à MONTIGNY-SUR-LOING (77690) - Dépannage 24/7","True","","","404","Not Found","Absolute","//body/section[2]/div[1]/picture/img","Content","HTML"
"Image","https://allo-electricien.pro/champcueil/","https://allo-electricien.pro/images/hero/elec-122-hero.jpg","","Électricien d'urgence à CHAMPCUEIL (91750) - Dépannage 24/7","True","","","404","Not Found","Absolute","//body/section[2]/div[1]/picture/img","Content","HTML"
"Image","https://allo-electricien.pro/tigery/","https://allo-electricien.pro/images/hero/elec-124-hero.jpg","","Électricien d'urgence à TIGERY (91250) - Dépannage 24/7","True","","","404","Not Found","Absolute","//body/section[1]/div[1]/picture/img","Content","HTML"
"Image","https://allo-electricien.pro/roissy-en-france/","https://allo-electricien.pro/images/hero/elec-125-hero.jpg","","Électricien d'urgence à ROISSY-en-FRANCE (95700) - Dépannage 24/7","True","","","404","Not Found","Absolute","//body/section[2]/div[1]/picture/img","Content","HTML"
"Image","https://allo-electricien.pro/rozay-en-brie/","https://allo-electricien.pro/images/hero/elec-126-hero.jpg","","Électricien d'urgence à ROZAY-en-BRIE (77540) - Dépannage 24/7","True","","","404","Not Found","Absolute","//body/section[2]/div[1]/picture/img","Content","HTML"
"Image","https://allo-electricien.pro/villiers-saint-frederic/","https://allo-electricien.pro/images/hero/elec-127-hero.jpg","","Électricien d'urgence à VILLIERS-SAINT-FREDERIC (78640) - Dépannage 24/7","True","","","404","Not Found","Absolute","//body/section[1]/div[1]/picture/img","Content","HTML"
"Image","https://allo-electricien.pro/chauconin-neufmontiers/","https://allo-electricien.pro/images/hero/elec-128-hero.jpg","","Électricien d'urgence à CHAUCONIN-NEUFMONTIERS (77124) - Dépannage 24/7","True","","","404","Not Found","Absolute","//body/section[1]/div[1]/picture/img","Content","HTML"
"Image","https://allo-electricien.pro/bourron-marlotte/","https://allo-electricien.pro/images/hero/elec-129-hero.jpg","","Électricien d'urgence à BOURRON-MARLOTTE (77780) - Dépannage 24/7","True","","","404","Not Found","Absolute","//body/section[2]/div[1]/picture/img","Content","HTML"
"Image","https://allo-electricien.pro/coupvray/","https://allo-electricien.pro/images/hero/elec-130-hero.jpg","","Électricien d'urgence à COUPVRAY (77700) - Dépannage 24/7","True","","","404","Not Found","Absolute","//body/section[1]/div[1]/picture/img","Content","HTML"
"Image","https://allo-electricien.pro/maisse/","https://allo-electricien.pro/images/hero/elec-131-hero.jpg","","Électricien d'urgence à MAISSE (91720) - Dépannage 24/7","True","","","404","Not Found","Absolute","//body/section[2]/div[1]/picture/img","Content","HTML"
"Image","https://allo-electricien.pro/vernou-la-celle-sur-seine/","https://allo-electricien.pro/images/hero/elec-132-hero.jpg","","Électricien d'urgence à VERNOU-LA-CELLE-SUR-SEINE (77670) - Dépannage 24/7","True","","","404","Not Found","Absolute","//body/section[1]/div[1]/picture/img","Content","HTML"
"Image","https://allo-electricien.pro/vert-le-petit/","https://allo-electricien.pro/images/hero/elec-133-hero.jpg","","Électricien d'urgence à VERT-LE-PETIT (91710) - Dépannage 24/7","True","","","404","Not Found","Absolute","//body/section[2]/div[1]/picture/img","Content","HTML"
"Image","https://allo-electricien.pro/la-chapelle-la-reine/","https://allo-electricien.pro/images/hero/elec-134-hero.jpg","","Électricien d'urgence à LA CHAPELLE-LA-REINE (77760) - Dépannage 24/7","True","","","404","Not Found","Absolute","//body/section[2]/div[1]/picture/img","Content","HTML"
"Image","https://allo-electricien.pro/vulaines-sur-seine/","https://allo-electricien.pro/images/hero/elec-135-hero.jpg","","Électricien d'urgence à VULAINES-SUR-SEINE (77870) - Dépannage 24/7","True","","","404","Not Found","Absolute","//body/section[2]/div[1]/picture/img","Content","HTML"
"Image","https://allo-electricien.pro/la-grande-paroisse/","https://allo-electricien.pro/images/hero/elec-136-hero.jpg","","Électricien d'urgence à LA GRANDE-PAROISSE (77130) - Dépannage 24/7","True","","","404","Not Found","Absolute","//body/section[1]/div[1]/picture/img","Content","HTML"
"Image","https://allo-electricien.pro/gometz-le-chatel/","https://allo-electricien.pro/images/hero/elec-137-hero.jpg","","Électricien d'urgence à GOMETZ-LE-CHATEL (91940) - Dépannage 24/7","True","","","404","Not Found","Absolute","//body/section[1]/div[1]/picture/img","Content","HTML"
"Image","https://allo-electricien.pro/saint-martin-du-tertre/","https://allo-electricien.pro/images/hero/elec-138-hero.jpg","","Électricien d'urgence à SAINT-MARTIN-DU-TERTRE (95270) - Dépannage 24/7","True","","","404","Not Found","Absolute","//body/section[1]/div[1]/picture/img","Content","HTML"
"Image","https://allo-electricien.pro/cannes-ecluse/","https://allo-electricien.pro/images/hero/elec-139-hero.jpg","","Électricien d'urgence à CANNES-ECLUSE (77130) - Dépannage 24/7","True","","","404","Not Found","Absolute","//body/section[1]/div[1]/picture/img","Content","HTML"
"Image","https://allo-electricien.pro/saint-witz/","https://allo-electricien.pro/images/hero/elec-140-hero.jpg","","Électricien d'urgence à SAINT-WITZ (95470) - Dépannage 24/7","True","","","404","Not Found","Absolute","//body/section[1]/div[1]/picture/img","Content","HTML"
"Image","https://allo-electricien.pro/chartrettes/","https://allo-electricien.pro/images/hero/elec-142-hero.jpg","","Électricien d'urgence à CHARTRETTES (77590) - Dépannage 24/7","True","","","404","Not Found","Absolute","//body/section[1]/div[1]/picture/img","Content","HTML"
"Image","https://allo-electricien.pro/hericy/","https://allo-electricien.pro/images/hero/elec-143-hero.jpg","","Électricien d'urgence à HERICY (77850) - Dépannage 24/7","True","","","404","Not Found","Absolute","//body/section[2]/div[1]/picture/img","Content","HTML"
"Image","https://allo-electricien.pro/asnieres-sur-oise/","https://allo-electricien.pro/images/hero/elec-144-hero.jpg","","Électricien d'urgence à ASNIERES-SUR-OISE (95270) - Dépannage 24/7","True","","","404","Not Found","Absolute","//body/section[1]/div[1]/picture/img","Content","HTML"
"Image","https://allo-electricien.pro/champlan/","https://allo-electricien.pro/images/hero/elec-145-hero.jpg","","Électricien d'urgence à CHAMPLAN (91160) - Dépannage 24/7","True","","","404","Not Found","Absolute","//body/section[1]/div[1]/picture/img","Content","HTML"
"Image","https://allo-electricien.pro/andilly/","https://allo-electricien.pro/images/hero/elec-146-hero.jpg","","Électricien d'urgence à ANDILLY (95580) - Dépannage 24/7","True","","","404","Not Found","Absolute","//body/section[1]/div[1]/picture/img","Content","HTML"
"Image","https://allo-electricien.pro/pringy/","https://allo-electricien.pro/images/hero/elec-147-hero.jpg","","Électricien d'urgence à PRINGY (77310) - Dépannage 24/7","True","","","404","Not Found","Absolute","//body/section[1]/div[1]/picture/img","Content","HTML"
"Image","https://allo-electricien.pro/ecuelles/","https://allo-electricien.pro/images/hero/elec-148-hero.jpg","","Électricien d'urgence à ECUELLES (77250) - Dépannage 24/7","True","","","404","Not Found","Absolute","//body/section[1]/div[1]/picture/img","Content","HTML"
"Image","https://allo-electricien.pro/gambais/","https://allo-electricien.pro/images/hero/elec-149-hero.jpg","","Électricien d'urgence à GAMBAIS (78950) - Dépannage 24/7","True","","","404","Not Found","Absolute","//body/section[2]/div[1]/picture/img","Content","HTML"
"Image","https://allo-electricien.pro/longperrier/","https://allo-electricien.pro/images/hero/elec-150-hero.jpg","","Électricien d'urgence à LONGPERRIER (77230) - Dépannage 24/7","True","","","404","Not Found","Absolute","//body/section[1]/div[1]/picture/img","Content","HTML"
"Image","https://allo-electricien.pro/faremoutiers/","https://allo-electricien.pro/images/hero/elec-151-hero.jpg","","Électricien d'urgence à FAREMOUTIERS (77515) - Dépannage 24/7","True","","","404","Not Found","Absolute","//body/section[1]/div[1]/picture/img","Content","HTML"
"Image","https://allo-electricien.pro/grisy-suisnes/","https://allo-electricien.pro/images/hero/elec-152-hero.jpg","","Électricien d'urgence à GRISY-SUISNES (77166) - Dépannage 24/7","True","","","404","Not Found","Absolute","//body/section[2]/div[1]/picture/img","Content","HTML"
"Image","https://allo-electricien.pro/flins-sur-seine/","https://allo-electricien.pro/images/hero/elec-153-hero.jpg","","Électricien d'urgence à FLINS-SUR-SEINE (78410) - Dépannage 24/7","True","","","404","Not Found","Absolute","//body/section[1]/div[1]/picture/img","Content","HTML"
"Image","https://allo-electricien.pro/vert-le-grand/","https://allo-electricien.pro/images/hero/elec-154-hero.jpg","","Électricien d'urgence à VERT-LE-GRAND (91810) - Dépannage 24/7","True","","","404","Not Found","Absolute","//body/section[2]/div[1]/picture/img","Content","HTML"
"Image","https://allo-electricien.pro/morainvilliers/","https://allo-electricien.pro/images/hero/elec-155-hero.jpg","","Électricien d'urgence à MORAINVILLIERS (78630) - Dépannage 24/7","True","","","404","Not Found","Absolute","//body/section[1]/div[1]/picture/img","Content","HTML"
"Image","https://allo-electricien.pro/evry-gregy-sur-yerre/","https://allo-electricien.pro/images/hero/elec-156-hero.jpg","","Électricien d'urgence à EVRY-GREGY-SUR-YERRE (77166) - Dépannage 24/7","True","","","404","Not Found","Absolute","//body/section[1]/div[1]/picture/img","Content","HTML"
"Image","https://allo-electricien.pro/paris-1er/","https://allo-electricien.pro/images/hero/elec-159-hero.jpg","","Électricien d'urgence à Paris 1er (75101) - Dépannage 24/7","True","","","404","Not Found","Absolute","//body/section[2]/div[1]/picture/img","Content","HTML"
"Image","https://allo-electricien.pro/paris-2e/","https://allo-electricien.pro/images/hero/elec-160-hero.jpg","","Électricien d'urgence à Paris 2e (75102) - Dépannage 24/7","True","","","404","Not Found","Absolute","//body/section[2]/div[1]/picture/img","Content","HTML"
"Image","https://allo-electricien.pro/paris-3e/","https://allo-electricien.pro/images/hero/elec-161-hero.jpg","","Électricien d'urgence à Paris 3e (75103) - Dépannage 24/7","True","","","404","Not Found","Absolute","//body/section[2]/div[1]/picture/img","Content","HTML"
"Image","https://allo-electricien.pro/paris-6e/","https://allo-electricien.pro/images/hero/elec-164-hero.jpg","","Électricien d'urgence à Paris 6e (75106) - Dépannage 24/7","True","","","404","Not Found","Absolute","//body/section[2]/div[1]/picture/img","Content","HTML"
"Image","https://allo-electricien.pro/paris-7e/","https://allo-electricien.pro/images/hero/elec-165-hero.jpg","","Électricien d'urgence à Paris 7e (75107) - Dépannage 24/7","True","","","404","Not Found","Absolute","//body/section[2]/div[1]/picture/img","Content","HTML"
"Image","https://allo-electricien.pro/paris-8e/","https://allo-electricien.pro/images/hero/elec-166-hero.jpg","","Électricien d'urgence à Paris 8e (75108) - Dépannage 24/7","True","","","404","Not Found","Absolute","//body/section[2]/div[1]/picture/img","Content","HTML"
"Image","https://allo-electricien.pro/paris-9e/","https://allo-electricien.pro/images/hero/elec-167-hero.jpg","","Électricien d'urgence à Paris 9e (75109) - Dépannage 24/7","True","","","404","Not Found","Absolute","//body/section[2]/div[1]/picture/img","Content","HTML"
"Image","https://allo-electricien.pro/paris-12e/","https://allo-electricien.pro/images/hero/elec-170-hero.jpg","","Électricien d'urgence à Paris 12e (75112) - Dépannage 24/7","True","","","404","Not Found","Absolute","//body/section[2]/div[1]/picture/img","Content","HTML"
"Image","https://allo-electricien.pro/paris-14e/","https://allo-electricien.pro/images/hero/elec-172-hero.jpg","","Électricien d'urgence à Paris 14e (75114) - Dépannage 24/7","True","","","404","Not Found","Absolute","//body/section[2]/div[1]/picture/img","Content","HTML"
"Image","https://allo-electricien.pro/paris-15e/","https://allo-electricien.pro/images/hero/elec-173-hero.jpg","","Électricien d'urgence à Paris 15e (75115) - Dépannage 24/7","True","","","404","Not Found","Absolute","//body/section[2]/div[1]/picture/img","Content","HTML"
"Image","https://allo-electricien.pro/paris-16e/","https://allo-electricien.pro/images/hero/elec-174-hero.jpg","","Électricien d'urgence à Paris 16e (75116) - Dépannage 24/7","True","","","404","Not Found","Absolute","//body/section[2]/div[1]/picture/img","Content","HTML"
"Image","https://allo-electricien.pro/paris-17e/","https://allo-electricien.pro/images/hero/elec-175-hero.jpg","","Électricien d'urgence à Paris 17e (75117) - Dépannage 24/7","True","","","404","Not Found","Absolute","//body/section[2]/div[1]/picture/img","Content","HTML"
"Image","https://allo-electricien.pro/paris-18e/","https://allo-electricien.pro/images/hero/elec-176-hero.jpg","","Électricien d'urgence à Paris 18e (75118) - Dépannage 24/7","True","","","404","Not Found","Absolute","//body/section[2]/div[1]/picture/img","Content","HTML"
"Image","https://allo-electricien.pro/paris-19e/","https://allo-electricien.pro/images/hero/elec-177-hero.jpg","","Électricien d'urgence à Paris 19e (75119) - Dépannage 24/7","True","","","404","Not Found","Absolute","//body/section[2]/div[1]/picture/img","Content","HTML"
"Image","https://allo-electricien.pro/paris-20e/","https://allo-electricien.pro/images/hero/elec-178-hero.jpg","","Électricien d'urgence à Paris 20e (75120) - Dépannage 24/7","True","","","404","Not Found","Absolute","//body/section[2]/div[1]/picture/img","Content","HTML"
"Image","https://allo-electricien.pro/saint-pierre-les-nemours/","https://allo-electricien.pro/images/hero/elec-341-hero.jpg","","Électricien d'urgence à SAINT-PIERRE-LES-NEMOURS (77140) - Dépannage 24/7","True","","","404","Not Found","Absolute","//body/section[1]/div[1]/picture/img","Content","HTML"
