[
  {
    "id": "f9266f5f-6d61-4c36-be8c-11a06f361349",
    "name": "GL ELEC",
    "city": "Savigny-le-Sec",
    "postal_code": "21380"
  },
  {
    "id": "3baec776-37a1-433c-ba83-09818c677fb9",
    "name": "OLLIVIER Vincent EIRL",
    "city": "Châtillon-sur-Colmont",
    "postal_code": "53100"
  },
  {
    "id": "7cdce7f9-0a03-45c5-8c1d-aaa71ffeecd3",
    "name": "SebElect",
    "city": "Le Grau-du-Roi",
    "postal_code": "30240"
  },
  {
    "id": "77e61fb2-6c79-4701-8c9f-54f647ede80f",
    "name": "Hometec' Electricité Générale",
    "city": "Coulombs",
    "postal_code": "28210"
  },
  {
    "id": "62bdcbbd-9d5f-46a4-89b2-bad1f69fd616",
    "name": "MPE – Électricien & Plaquiste",
    "city": "Saint-Arnoult-des-Bois",
    "postal_code": "28190"
  },
  {
    "id": "5ea4faa2-ac03-4935-a836-59cc8a058cb9",
    "name": "Anfry Electricité",
    "city": "Deauville",
    "postal_code": "14800"
  },
  {
    "id": "a08dd1f8-0e2e-43cf-8183-aa630e4055e3",
    "name": "SLK électricité générale",
    "city": "Vivières",
    "postal_code": "02600"
  },
  {
    "id": "e8212718-daa3-4e9b-aaea-a17bad27c283",
    "name": "Max Domotique Electricité - MDE",
    "city": "Villers-sur-Mer",
    "postal_code": "14640"
  },
  {
    "id": "c5e746c4-40bf-485a-9b9a-8f42605830a4",
    "name": "LARDY-ELEC",
    "city": "Alluyes",
    "postal_code": "28800"
  },
  {
    "id": "120e0295-6ef8-4446-80f4-d4938e7293ba",
    "name": "SmartElec45",
    "city": "Corquilleroy",
    "postal_code": "45120"
  },
  {
    "id": "906cdb77-af0e-4813-9b71-dbf809dfb80b",
    "name": "Electricité SOULARD Nicolas",
    "city": "Fontenay-sur-Loing",
    "postal_code": "45210"
  },
  {
    "id": "1c3d951f-511d-4a9c-a28d-540439086e79",
    "name": "Renov-Energie",
    "city": "La Selle-en-Hermoy",
    "postal_code": "45210"
  },
  {
    "id": "9ccd4352-612e-4c50-9b15-f2eb0f152ab4",
    "name": "Julien l'électricien",
    "city": "Châlette-sur-Loing",
    "postal_code": "45120"
  },
  {
    "id": "ce5fce12-7cd0-4721-95f4-fc77591b3abc",
    "name": "RAULT Jocelyne",
    "city": "Ferrières-en-Gâtinais",
    "postal_code": "45210"
  },
  {
    "id": "49721cc8-3598-477e-9a3a-3ada975a578c",
    "name": "entreprise van espen électricité générale",
    "city": "Villeblevin",
    "postal_code": "89340"
  },
  {
    "id": "252a11be-b2bb-4ed2-b56d-f280151050ed",
    "name": "Elec poirier",
    "city": "Chevry-sous-le-Bignon",
    "postal_code": "45210"
  },
  {
    "id": "ede00852-c598-4597-8f74-fc054f478318",
    "name": "DESIGN ELEC",
    "city": "Thimory",
    "postal_code": "45260"
  },
  {
    "id": "521cfedc-64b1-45b2-94bd-ab7e82328155",
    "name": "Phil'electric",
    "city": "Rozoy-le-Vieil",
    "postal_code": "45210"
  },
  {
    "id": "9a635842-c5a4-40af-aa90-b9b72b68f0de",
    "name": "Kansu électricité",
    "city": "Villemandeur",
    "postal_code": "45700"
  },
  {
    "id": "b864e8c2-6026-468b-8b93-f0b1bf04a067",
    "name": "Vb Elec",
    "city": "Fontenay-sur-Loing",
    "postal_code": "45210"
  },
  {
    "id": "e0dcc61a-ac0d-4d27-ad26-48cbf4bbc9d1",
    "name": "THIERRY ELEC - Electricité, Automatismes, Bornes de recharge",
    "city": "Pannes",
    "postal_code": "45700"
  },
  {
    "id": "409189e5-a595-4fae-8299-536008f08029",
    "name": "Erelec",
    "city": "Pannes",
    "postal_code": "45700"
  },
  {
    "id": "46db809a-1220-4dec-92a4-d19948c35bf4",
    "name": "ACCÈS SOL'AIR",
    "city": "Ferrières-en-Gâtinais",
    "postal_code": "45210"
  },
  {
    "id": "d7a0f426-cf0d-4ac1-b95f-06782baeb441",
    "name": "MF elec isol",
    "city": "Châlette-sur-Loing",
    "postal_code": "45120"
  },
  {
    "id": "8eb2fd38-a553-42ad-b19d-599691e745ed",
    "name": "Extremdepan électricité générale",
    "city": "Chantecoq",
    "postal_code": "45320"
  },
  {
    "id": "e2f753fb-7980-4c2f-962e-914fd2d25763",
    "name": "IRD Electricité",
    "city": "Montargis",
    "postal_code": "45200"
  },
  {
    "id": "c07bdba7-1217-41dc-8f51-af0e4f63fe97",
    "name": "Franck HOUPERT Electricité",
    "city": "Courtenay",
    "postal_code": "45320"
  },
  {
    "id": "484b998e-a66c-454e-b71a-5051472cb25f",
    "name": "PRO-INSTALL PHOTOVOLTAÏQUE",
    "city": "Dordives",
    "postal_code": "45680"
  },
  {
    "id": "44f8e519-f898-4512-a953-bf8722e1f688",
    "name": "PHILServices Multi-Travaux",
    "city": "Cepoy",
    "postal_code": "45120"
  },
  {
    "id": "d921e29e-5fa5-4be9-96f8-b5a600296724",
    "name": "CGMAINT Christophe Gaidou",
    "city": "Nargis",
    "postal_code": "45210"
  },
  {
    "id": "c652f29f-ceb1-4c17-b34f-22808c5d9be3",
    "name": "Amilly Elec",
    "city": "Amilly",
    "postal_code": "45200"
  },
  {
    "id": "d5d2fde1-0aed-4914-a4b7-59667efaf80a",
    "name": "Cosar ELEC",
    "city": "Le Malesherbois",
    "postal_code": "45330"
  },
  {
    "id": "98ebbc78-411a-4706-91ab-edd0fff96989",
    "name": "B&B ENERGIE",
    "city": "La Selle-sur-le-Bied",
    "postal_code": "45210"
  },
  {
    "id": "d6ab306c-787a-46ed-8d82-2f052d862f18",
    "name": "BSE électricité climatisation",
    "city": "La Selle-sur-le-Bied",
    "postal_code": "45210"
  },
  {
    "id": "ebdda68c-6dc0-4b11-bf51-c9088a7b7fa0",
    "name": "EURL CARLOS TAVARES",
    "city": "Puiseaux",
    "postal_code": "45390"
  },
  {
    "id": "5cc96b50-3700-4109-a897-540b84936e50",
    "name": "S.I.C.E.L Sté Ind Construction Electrique",
    "city": "Boismorand",
    "postal_code": "45290"
  },
  {
    "id": "e7d45ca0-8975-4a4d-b66f-cb66425fe558",
    "name": "Automatisme Engineering",
    "city": "Châlette-sur-Loing",
    "postal_code": "45120"
  },
  {
    "id": "1ee18ea8-5deb-4ebc-98e3-880f0daabc98",
    "name": "BC ELEC",
    "city": "Amilly",
    "postal_code": "45200"
  },
  {
    "id": "75240121-726a-466d-aa1a-f0ec530a59bc",
    "name": "AC Multi",
    "city": "Courtenay",
    "postal_code": "45320"
  },
  {
    "id": "16ef358e-b7f1-4f53-bf17-ab3ecbbfda95",
    "name": "Elior'Elec",
    "city": "Montargis",
    "postal_code": "45200"
  },
  {
    "id": "0bb17bfe-d6fb-4ecf-bf5f-d15fe1aea60a",
    "name": "S.E.G.M.",
    "city": "Chevillon-sur-Huillard",
    "postal_code": "45700"
  },
  {
    "id": "fc828c1f-e4bc-4f9e-86c6-726f81d223ae",
    "name": "Alex Elec Domotique",
    "city": "Lorcy",
    "postal_code": "45490"
  },
  {
    "id": "9a3603ff-cfcd-4bfa-b547-538e014feb87",
    "name": "rodmultiservice",
    "city": "Châlette-sur-Loing",
    "postal_code": "45120"
  },
  {
    "id": "e26f3467-dea5-49a6-8479-e0adae7c8df5",
    "name": "SOCIETE GENERALE D'ACTIVITE SARL",
    "city": "Villemandeur",
    "postal_code": "45700"
  },
  {
    "id": "ba11398e-244b-4eda-97eb-83c905cef9ca",
    "name": "AMT ÉLECTRICITÉ (EIRL Tardivel Anthony)",
    "city": "Briarres-sur-Essonne",
    "postal_code": "45390"
  },
  {
    "id": "2df8b624-11cf-4aa2-8a1f-b828efc36ed2",
    "name": "BTM DAVID ELECT",
    "city": "Corbeilles",
    "postal_code": "45490"
  },
  {
    "id": "833f2a22-285c-4140-9fba-17a76340d872",
    "name": "lds",
    "city": "Corquilleroy",
    "postal_code": "45120"
  },
  {
    "id": "632ad432-1488-4bae-b6be-7823e2c8c97d",
    "name": "M.R.G Electricité Générale",
    "city": "Chaumont",
    "postal_code": "89340"
  },
  {
    "id": "53abe04f-8fcf-491d-aa0f-92a9698fe608",
    "name": "Nocus Richard",
    "city": "Aillant-sur-Milleron",
    "postal_code": "45230"
  },
  {
    "id": "1973aa8f-0d7e-44e0-a951-a3c3b379b5ca",
    "name": "J.Melec Electricité Générale",
    "city": "Nogent-sur-Vernisson",
    "postal_code": "45290"
  },
  {
    "id": "87d9de69-0152-4ca1-ad2a-dc7d5548b61e",
    "name": "Nebil Gazoua - NG Confort",
    "city": "Ferrières-en-Gâtinais",
    "postal_code": "45210"
  },
  {
    "id": "15b31aff-eec5-4f99-865b-afe6f9381fbe",
    "name": "NFelec",
    "city": "Villefranche",
    "postal_code": "89120"
  },
  {
    "id": "aebd5d84-496d-47e9-a7dd-51439c23c4e1",
    "name": "SARL R2 ELEC & RENO",
    "city": "Auvilliers-en-Gâtinais",
    "postal_code": "45270"
  },
  {
    "id": "78e3d3c3-8424-4ccf-a609-89ff7495ed4a",
    "name": "Enedis",
    "city": "Montargis",
    "postal_code": "45200"
  },
  {
    "id": "13c47368-104a-4bec-86c0-2ef0a1ae29b1",
    "name": "FP RENOVATION 45",
    "city": "Montargis",
    "postal_code": "45200"
  },
  {
    "id": "76392ccf-fae5-4a89-9b1c-efb3a7e8bae1",
    "name": "M3J plomberie chauffage électricité",
    "city": "Ladon",
    "postal_code": "45270"
  },
  {
    "id": "557766bc-3b9b-4bc9-975d-648fa4c83feb",
    "name": "NC.DOMOTIQUE",
    "city": "Saint-Germain-des-Prés",
    "postal_code": "45220"
  },
  {
    "id": "a9cd4748-223d-49db-9485-108aef9068bd",
    "name": "électricien",
    "city": "Troyes",
    "postal_code": "10000"
  },
  {
    "id": "cabef0ba-2217-4076-8197-d564d0208db5",
    "name": "DSF",
    "city": "La",
    "postal_code": "94210"
  },
  {
    "id": "ed9c823a-b326-4662-92a0-28d347f181d6",
    "name": "QL Elec",
    "city": "Saint-Gervais-d'Auvergne",
    "postal_code": "63390"
  },
  {
    "id": "378af692-95af-4466-9412-820054863062",
    "name": "PASCAL Electricité",
    "city": "Saint-Gervais-les-Bains",
    "postal_code": "74170"
  },
  {
    "id": "bda2aea7-e876-40c5-af08-d3979abb0c6f",
    "name": "Allume moi",
    "city": "Pont-sur-Yonne",
    "postal_code": "89140"
  },
  {
    "id": "34db0e0e-1892-4882-bb96-f75f30070e16",
    "name": "Belleau électricité",
    "city": "Villeblevin",
    "postal_code": "89340"
  },
  {
    "id": "0717e780-9857-4e04-a3ba-a442039555af",
    "name": "P4BAT",
    "city": "Villeneuve-la-Guyard",
    "postal_code": "89340"
  },
  {
    "id": "5cf02856-4182-4e9d-9b51-690c00e2abc0",
    "name": "Elec'lumiere",
    "city": "Serbonnes",
    "postal_code": "89140"
  },
  {
    "id": "6ae4ec26-befe-428f-96a8-a3d96feef5f7",
    "name": "MB Elec",
    "city": "Gisy-les-Nobles",
    "postal_code": "89140"
  },
  {
    "id": "1d885195-76b1-4f86-9a17-4fac4b9810d4",
    "name": "Prolight Vision",
    "city": "Pont-sur-Yonne",
    "postal_code": "89140"
  },
  {
    "id": "44a2f472-c186-44b6-b83e-743a89a0ca5f",
    "name": "Mpg élec",
    "city": "Senlis-le-Sec",
    "postal_code": "80300"
  },
  {
    "id": "134a4ecc-3348-4e29-9a1b-3cbc4ba049dd",
    "name": "Domont Fabien",
    "city": "Upie",
    "postal_code": "26120"
  },
  {
    "id": "5caf51f1-a011-4186-9de3-963ad37b1224",
    "name": "NC Elec",
    "city": "Bourg-Saint-Maurice",
    "postal_code": "73700"
  },
  {
    "id": "ed6fe21f-f39b-4db2-b9ed-16db0d49289c",
    "name": "MENGOLLI ELECTRICITE",
    "city": "Bourg-Saint-Maurice",
    "postal_code": "73700"
  },
  {
    "id": "309bbcf8-d8d8-4b6a-95ed-5960bbd0402f",
    "name": "Large Electricite",
    "city": "Saint-Maurice-de-Satonnay",
    "postal_code": "71260"
  },
  {
    "id": "1760e483-31ed-4475-ac1a-e11da7da97da",
    "name": "Hom'Elec",
    "city": "Saint-Maurice-sur-Aveyron",
    "postal_code": "45230"
  },
  {
    "id": "352ea557-7fea-4a86-aa87-50db60757d1d",
    "name": "Atelier Electrique",
    "city": "Saint-Maurice-l'Exil",
    "postal_code": "38550"
  },
  {
    "id": "16e8e717-2542-4a7a-82e4-87421476bd7f",
    "name": "ELEC ENERGIE",
    "city": "Grosmagny",
    "postal_code": "90200"
  },
  {
    "id": "353f4452-780b-4f16-87f6-0ab4fe9f3ae4",
    "name": "Elec73",
    "city": "Le Bourget-du-Lac",
    "postal_code": "73370"
  },
  {
    "id": "1e383d55-40f1-4963-b0d2-8868e54cdad7",
    "name": "Libersa Electricité",
    "city": "Neuville-sous-Montreuil",
    "postal_code": "62170"
  },
  {
    "id": "21256517-c9fd-4254-829c-261aee719cb7",
    "name": "AEGC",
    "city": "Ivry-la-Bataille",
    "postal_code": "27540"
  },
  {
    "id": "d2229a44-7aab-47bd-aeb8-64e86a1e6fce",
    "name": "BL ÉLECTRICITÉ SOLUTIONS",
    "city": "Villiers-le-Morhier",
    "postal_code": "28130"
  },
  {
    "id": "5984813c-3734-4288-84be-4d00d404bcc6",
    "name": "LM Elec L'électricité Moderne",
    "city": "Fresnes-lès-Montauban",
    "postal_code": "62490"
  },
  {
    "id": "ce41bc97-cecd-45c4-b6fe-c215c451c6bc",
    "name": "Pannelec Electricité Générale",
    "city": "Clermont-Ferrand",
    "postal_code": "63000"
  },
  {
    "id": "9f05fdaa-435c-46e2-900b-ceff03330fe8",
    "name": "ID ELEC - Électricien à Clermont-Ferrand",
    "city": "Clermont-Ferrand",
    "postal_code": "63100"
  },
  {
    "id": "059e6055-56e3-42f9-b9a7-a61c1da0acce",
    "name": "Elec 63 - Panneaux photovoltaïques à Clermont-Ferrand",
    "city": "Clermont-Ferrand",
    "postal_code": "63100"
  },
  {
    "id": "504a8ca4-d97f-492d-8a86-041435ab16d5",
    "name": "Z ELEC 63 - Electricien à Clermont-Ferrand",
    "city": "Clermont-Ferrand",
    "postal_code": "63000"
  },
  {
    "id": "c0415855-9edc-4d06-a9ce-afa7cd095c31",
    "name": "GF3e",
    "city": "Clermont-Ferrand",
    "postal_code": "63100"
  },
  {
    "id": "5dbd4238-4bd6-446c-a221-80f330a0a69f",
    "name": "DELTA ÉLECTRICITÉ SYSTÈMES (SARL EPR ÉLECTRICITÉ)",
    "city": "Clermont-Ferrand",
    "postal_code": "63000"
  },
  {
    "id": "7cc80de4-de57-4172-a1ec-8182b30ec069",
    "name": "CHIQUET ELEC",
    "city": "Clermont-Ferrand",
    "postal_code": "63000"
  },
  {
    "id": "5e37d753-d32f-4dfb-a08f-b10683862689",
    "name": "eCORP",
    "city": "Clermont-Ferrand",
    "postal_code": "63100"
  },
  {
    "id": "5a18e499-aa28-435c-bf12-e0573b24a8e0",
    "name": "Amperlec",
    "city": "Clermont-Ferrand",
    "postal_code": "63000"
  },
  {
    "id": "8164e957-6019-4d7f-a521-3394e33779f4",
    "name": "T S Elec",
    "city": "Clermont-Ferrand",
    "postal_code": "63000"
  },
  {
    "id": "df11fecf-727c-42f7-bced-e0c90700c945",
    "name": "Mister Électricien Clermont-Ferrand",
    "city": "Clermont-Ferrand",
    "postal_code": "63000"
  },
  {
    "id": "df7cc3f7-ba46-4b43-a577-bef726efa4f6",
    "name": "LOM Énergie",
    "city": "Clermont-Ferrand",
    "postal_code": "63100"
  },
  {
    "id": "48ac5520-75f2-4921-a2af-781faf386ef5",
    "name": "VB Energies et Services",
    "city": "Clermont-Ferrand",
    "postal_code": "63100"
  },
  {
    "id": "8bb82746-0ba9-4c3f-98d3-632457fe374b",
    "name": "VélecA",
    "city": "Clermont-Ferrand",
    "postal_code": "63000"
  },
  {
    "id": "03d303a4-f49c-42ac-b705-017473a28f8a",
    "name": "TSM ELEC",
    "city": "Clermont-Ferrand",
    "postal_code": "63000"
  },
  {
    "id": "3219c7bf-83db-45d9-b4f5-65247f6dc5a5",
    "name": "Delcros Connexion - Electricité Générale",
    "city": "Clermont-Ferrand",
    "postal_code": "63100"
  },
  {
    "id": "e624ce28-7564-46df-a997-9649fbfebf71",
    "name": "EGK 63",
    "city": "Clermont-Ferrand",
    "postal_code": "63100"
  },
  {
    "id": "adb0dd26-95d9-48fb-9089-d80741b9ca1d",
    "name": "Entreprise Electrique (L')",
    "city": "Clermont-Ferrand",
    "postal_code": "63000"
  },
  {
    "id": "fc6a51a5-2185-4545-8fe4-6ec82e40587d",
    "name": "C-velec",
    "city": "Clermont-Ferrand",
    "postal_code": "63000"
  },
  {
    "id": "6502517e-fbb1-4b28-b529-26ee6ac7ac23",
    "name": "CZ63 Électricité",
    "city": "Orléat",
    "postal_code": "63190"
  },
  {
    "id": "e6ad1bab-2441-4789-84f0-42c1e20133f7",
    "name": "Francisco joaquim",
    "city": "Clermont-Ferrand",
    "postal_code": "63100"
  },
  {
    "id": "d46e43ba-0502-4252-8495-cd90d114f09a",
    "name": "GOMEZ ELEC",
    "city": "Clermont-Ferrand",
    "postal_code": "63100"
  },
  {
    "id": "2bfbc51f-acba-4aaf-8fb5-357e00d7c89f",
    "name": "CHALARD ÉLECTRICITÉ",
    "city": "Clermont-Ferrand",
    "postal_code": "63100"
  },
  {
    "id": "38fd44b3-d3b4-4c89-b669-2674578621da",
    "name": "COLAS INDUSTRIE",
    "city": "Clermont-Ferrand",
    "postal_code": "63100"
  },
  {
    "id": "438155e0-5f7f-4e81-b8bb-46c4a4d712e8",
    "name": "KN Electricité",
    "city": "Lempdes",
    "postal_code": "63370"
  },
  {
    "id": "cd90868f-53d1-4556-8ec4-8c774f767b37",
    "name": "Lux Elec",
    "city": "Clermont-Ferrand",
    "postal_code": "63100"
  },
  {
    "id": "785f35a2-04e3-4f56-873d-32718e74ed95",
    "name": "Auvergne Maintenance Batiments",
    "city": "Clermont-Ferrand",
    "postal_code": "63100"
  },
  {
    "id": "fa2c2d90-9bec-4af1-b400-efcacfa24064",
    "name": "AST ELEC",
    "city": "Clermont-Ferrand",
    "postal_code": "63100"
  },
  {
    "id": "6cd265d4-aeb1-4042-9e90-4ff86698e78b",
    "name": "Clermont sud élec",
    "city": "Veyre-Monton",
    "postal_code": "63960"
  },
  {
    "id": "e57e7cb4-2005-4dec-86b1-ae7195fff45f",
    "name": "Mt Elec",
    "city": "Clermont-Ferrand",
    "postal_code": "63100"
  },
  {
    "id": "d4720eed-7db3-44b6-9e56-8f718691121f",
    "name": "C-velec",
    "city": "Clermont-Ferrand",
    "postal_code": "63000"
  },
  {
    "id": "804bd471-d635-4793-94b1-f2448a622636",
    "name": "Aboubakar ahmad",
    "city": "Clermont-Ferrand",
    "postal_code": "63000"
  },
  {
    "id": "1d80866c-e3aa-4e77-b06b-b97e68a6f3aa",
    "name": "Chelly Sofien",
    "city": "Clermont-Ferrand",
    "postal_code": "63100"
  },
  {
    "id": "a3300aae-6071-4dab-bf4f-691e17888d39",
    "name": "A.I.E.",
    "city": "Clermont-Ferrand",
    "postal_code": "63100"
  },
  {
    "id": "6a3725ed-f99d-4fea-b5b8-a441efbbf352",
    "name": "Société Nouvelle des Etablissements Mestre",
    "city": "Clermont-Ferrand",
    "postal_code": "63100"
  },
  {
    "id": "cfcd7399-2151-4ce4-8ff2-963d6be61121",
    "name": "Y.F Dev - Système Photovoltaïque , Climatisation - Clermont-Ferrand (63)",
    "city": "Pérignat-sur-Allier",
    "postal_code": "63800"
  },
  {
    "id": "cc4f8ecc-4bbd-4d2c-ac76-7cae1ec6a784",
    "name": "Eg Automatisme",
    "city": "Clermont-Ferrand",
    "postal_code": "63000"
  },
  {
    "id": "20c9b7cb-a49b-479f-9287-e6d25455c089",
    "name": "EURL MT ÉLEC",
    "city": "Clermont-Ferrand",
    "postal_code": "63100"
  },
  {
    "id": "486a8620-3ca0-4094-8023-01ed16611732",
    "name": "Sarl Auvergne Electro Service",
    "city": "Clermont-Ferrand",
    "postal_code": "63100"
  },
  {
    "id": "70cd3425-18fe-4fdd-b539-f4007a2142e7",
    "name": "ODC ELEC ELECTRICITE 63000 CLERMONT-FERRAND",
    "city": "Le Crest",
    "postal_code": "63450"
  },
  {
    "id": "834f9abf-408d-45fe-84c2-fd782e4bbe69",
    "name": "ARC ELEC - électricité- climatisation- maintenance",
    "city": "Chamalières",
    "postal_code": "63400"
  },
  {
    "id": "50d6770d-c911-4d6a-a352-0a676cd8062a",
    "name": "AMCE 24h/24 Urgence Dépannage - Plombier - Chauffagiste - Électricien",
    "city": "Clermont-Ferrand",
    "postal_code": "63100"
  },
  {
    "id": "e1ffab66-a22c-41bc-8ee7-600b5629213c",
    "name": "Francois Hantzcy",
    "city": "Clermont-Ferrand",
    "postal_code": "63000"
  },
  {
    "id": "f2b5e6d9-b352-458a-9fd2-bba19ca1fb48",
    "name": "Montagne Michel",
    "city": "Clermont-Ferrand",
    "postal_code": "63100"
  },
  {
    "id": "97cf0779-f324-4900-a73a-d726fbe558f7",
    "name": "Électricité DuRif",
    "city": "Clermont-Ferrand",
    "postal_code": "63000"
  },
  {
    "id": "878be2de-8e4d-4f56-a497-41fcbec3dead",
    "name": "Pavin électricité",
    "city": "Pont-du-Château",
    "postal_code": "63430"
  },
  {
    "id": "cf527aba-66a1-4f9d-b2f5-f8ad367ef659",
    "name": "Dumont Electricite Systemes",
    "city": "Clermont-Ferrand",
    "postal_code": "63100"
  },
  {
    "id": "bd3e30c6-2cc3-4488-9321-5632506631da",
    "name": "Qualielec",
    "city": "Clermont-Ferrand",
    "postal_code": "63000"
  },
  {
    "id": "82e1ec59-7cab-4878-bae2-1bf7c6db181f",
    "name": "SAIE électricité",
    "city": "Aulnat",
    "postal_code": "63510"
  },
  {
    "id": "eb4f9e03-ef22-4dba-b788-c4b386505077",
    "name": "Senejoux Pascal",
    "city": "Clermont-Ferrand",
    "postal_code": "63000"
  },
  {
    "id": "0b0daa00-490c-42e2-893a-132716a2c1dd",
    "name": "Lemoine Bruno Roger",
    "city": "Clermont-Ferrand",
    "postal_code": "63000"
  },
  {
    "id": "69e3179a-eab6-4963-b143-9690514e3f5e",
    "name": "fournial vbm",
    "city": "Clermont-Ferrand",
    "postal_code": "63100"
  },
  {
    "id": "1db52892-e798-4223-8201-ba0df27c257d",
    "name": "Lemoine Marie Line Madeleine Eliane",
    "city": "Clermont-Ferrand",
    "postal_code": "63000"
  },
  {
    "id": "2374fb5c-40ad-4560-a42b-f69be80e8b5d",
    "name": "FART ELEC",
    "city": "Durtol",
    "postal_code": "63830"
  },
  {
    "id": "90ec3709-28c7-4be8-85e7-5e9fa682ac34",
    "name": "SAFIC",
    "city": "Aubière",
    "postal_code": "63170"
  },
  {
    "id": "512780a0-c7f2-47d3-9f33-51b1ef94f05a",
    "name": "Electricite Menuiserie Plomberie Chaudiere",
    "city": "Clermont-Ferrand",
    "postal_code": "63100"
  },
  {
    "id": "474dd3ab-4185-4bf6-b814-e284e5d64faf",
    "name": "Chedjari El Meur Abderrahmane",
    "city": "Clermont-Ferrand",
    "postal_code": "63000"
  },
  {
    "id": "658875c0-a874-48cc-977e-e0dc04e2e8ff",
    "name": "Art'élec des Volcans",
    "city": "Cébazat",
    "postal_code": "63118"
  },
  {
    "id": "ed10579f-1828-40c9-a722-a2cb838289bd",
    "name": "ARTEISM MURAT ELECTRICIEN ANTENNISTE PLOMBIER CHAUFFAGISTE Clermont Ferrand Puy-de-Dôme Auvergne 63 SAHINGOZ Murat",
    "city": "Clermont-Ferrand",
    "postal_code": "63100"
  },
  {
    "id": "87cc93eb-9cc9-487d-81af-3802f8716f72",
    "name": "fix'ohm elec",
    "city": "Cournon-d'Auvergne",
    "postal_code": "63800"
  },
  {
    "id": "70b9eaa3-4898-4dfa-abf2-9c9a94990b6d",
    "name": "Santerne Clermont-Ferrand",
    "city": "Clermont-Ferrand",
    "postal_code": "63100"
  },
  {
    "id": "5be1c19b-7955-4a38-a2e0-d68e387d267a",
    "name": "ERA ELECTRIC",
    "city": "Clermont-Ferrand",
    "postal_code": "63100"
  },
  {
    "id": "8e9dc1e2-d344-494c-bab9-52d1b1fbe24b",
    "name": "Sarl ABELIE",
    "city": "Clermont-Ferrand",
    "postal_code": "63000"
  },
  {
    "id": "00759ca6-cdf7-4199-88b8-dd71c3d7856c",
    "name": "EIRL CHIQUET ELEC",
    "city": "Romagnat",
    "postal_code": "63540"
  },
  {
    "id": "1b488789-75d2-42f2-9775-294301a823d7",
    "name": "Finidome - Chalard électricité",
    "city": "Clermont-Ferrand",
    "postal_code": "63100"
  },
  {
    "id": "9d62c085-2a0a-42d3-8e45-6ca538870112",
    "name": "Kbane",
    "city": "Clermont-Ferrand",
    "postal_code": "63000"
  },
  {
    "id": "136e2033-cb5f-42cc-a8f8-f4b718a42c60",
    "name": "TMC",
    "city": "Clermont-Ferrand",
    "postal_code": "63000"
  },
  {
    "id": "7a26fae4-ae66-49e3-ba7a-1eb528be5dfe",
    "name": "TFB SOLAIRE",
    "city": "Clermont-Ferrand",
    "postal_code": "63100"
  },
  {
    "id": "12d368b2-0cf2-47d1-9d3e-d745499c70ae",
    "name": "EMC2 - 63",
    "city": "Cournon-d'Auvergne",
    "postal_code": "63800"
  },
  {
    "id": "bd169ac4-6dce-4643-a7a0-3da6f7988014",
    "name": "Caillot",
    "city": "Clermont-Ferrand",
    "postal_code": "63100"
  },
  {
    "id": "553da43c-b038-4ef4-b7c7-ddb95f18a27e",
    "name": "L'Eclair",
    "city": "Clermont-Ferrand",
    "postal_code": "63100"
  },
  {
    "id": "47f11f51-ca85-494a-931c-370cbe36f766",
    "name": "Miftah Rachid",
    "city": "Clermont-Ferrand",
    "postal_code": "63000"
  },
  {
    "id": "0dd57fa0-290c-4d01-885e-9eb5603eb43e",
    "name": "NEUV-ELEC",
    "city": "Romagnat",
    "postal_code": "63540"
  },
  {
    "id": "541cf58b-6e6c-4b3e-b0ce-27c98fc40285",
    "name": "YESSS Electrique Clermont-Ferrand",
    "city": "Clermont-Ferrand",
    "postal_code": "63100"
  },
  {
    "id": "8135ca81-98a6-4ab4-bcab-fa4130e1dd6b",
    "name": "JB Electricite",
    "city": "Saint-Bonnet-près-Orcival",
    "postal_code": "63210"
  },
  {
    "id": "15a16c2e-7712-49cb-9553-2ff880c75e67",
    "name": "Du Sol Eau Plafond 63",
    "city": "Clermont-Ferrand",
    "postal_code": "63000"
  },
  {
    "id": "c8859c4b-e4cc-4c1e-84bd-79380195f0fc",
    "name": "Mutoboto Dit Papy Kindolo",
    "city": "Clermont-Ferrand",
    "postal_code": "63100"
  },
  {
    "id": "1ab2b8b9-2c23-4b85-8af1-a08046e25891",
    "name": "IB ELECTRIQUE",
    "city": "Gerzat",
    "postal_code": "63360"
  },
  {
    "id": "186e6b37-8050-4f11-9842-dc660a82e725",
    "name": "EVS Energies Ventilation Sanitaire",
    "city": "Clermont-Ferrand",
    "postal_code": "63100"
  },
  {
    "id": "4a7b9c17-9979-4e89-83fc-4f7647ad05b1",
    "name": "Le Froid Electronique",
    "city": "Clermont-Ferrand",
    "postal_code": "63100"
  },
  {
    "id": "a7661731-01ca-4cec-b40b-d8961f0b6c27",
    "name": "Adaptelec",
    "city": "Lempdes",
    "postal_code": "63370"
  },
  {
    "id": "f9d8384b-3bb2-4fce-bafd-2d0b173ac86b",
    "name": "REXEL - CLERMONT FERRAND",
    "city": "Clermont-Ferrand",
    "postal_code": "63100"
  },
  {
    "id": "897afb3a-88df-4bcc-b51f-d6218d9653bc",
    "name": "Clermont Electricité",
    "city": "Die",
    "postal_code": "26150"
  },
  {
    "id": "14f98a7b-1402-431d-9bc5-1aaef74ded7a",
    "name": "MSZ Finitions",
    "city": "Blanzat",
    "postal_code": "63112"
  },
  {
    "id": "39ef9c4d-87ef-412c-a451-d59d1e91b995",
    "name": "Miroiterie Daguillon",
    "city": "Clermont-Ferrand",
    "postal_code": "63100"
  },
  {
    "id": "667fc1e0-ec0c-4926-b61d-5b782ba197ee",
    "name": "Pro Elec 63",
    "city": "Tallende",
    "postal_code": "63450"
  },
  {
    "id": "b8f68e3b-ea4b-4422-b04e-2a0077505e63",
    "name": "DSD Electricité",
    "city": "Arpajon-sur-Cère",
    "postal_code": "15130"
  },
  {
    "id": "8bf3b561-b8e1-4e1f-bb4a-31ceff362c7a",
    "name": "DMDS Electricité",
    "city": "Fleury-les-Aubrais",
    "postal_code": "45400"
  },
  {
    "id": "9ca1686e-77a8-4a05-a574-94823e03a95a",
    "name": "SARL ABG-ELEC",
    "city": "Rouvres-Saint-Jean",
    "postal_code": "45300"
  }
]