{
  "generated": "2025-11-07T12:01:55.511Z",
  "stats": {
    "total": 169,
    "created": 169,
    "skipped": 0,
    "errors": 0
  },
  "createdPages": [
    {
      "slug": "saint-denis",
      "name": "SAINT-DENIS",
      "department": "93",
      "image": "elec-002"
    },
    {
      "slug": "montreuil",
      "name": "MONTREUIL",
      "department": "93",
      "image": "elec-004"
    },
    {
      "slug": "aulnay-sous-bois",
      "name": "AULNAY-SOUS-BOIS",
      "department": "93",
      "image": "elec-012"
    },
    {
      "slug": "rueil-malmaison",
      "name": "RUEIL-MALMAISON",
      "department": "92",
      "image": "elec-013"
    },
    {
      "slug": "chelles",
      "name": "CHELLES",
      "department": "77",
      "image": "elec-032"
    },
    {
      "slug": "le-blanc-mesnil",
      "name": "LE BLANC-MESNIL",
      "department": "93",
      "image": "elec-035"
    },
    {
      "slug": "sevran",
      "name": "SEVRAN",
      "department": "93",
      "image": "elec-038"
    },
    {
      "slug": "saint-ouen",
      "name": "SAINT-OUEN",
      "department": "93",
      "image": "elec-042"
    },
    {
      "slug": "villepinte",
      "name": "VILLEPINTE",
      "department": "93",
      "image": "elec-063"
    },
    {
      "slug": "conflans-sainte-honorine",
      "name": "CONFLANS-SAINTE-HONORINE",
      "department": "78",
      "image": "elec-065"
    },
    {
      "slug": "goussainville",
      "name": "GOUSSAINVILLE",
      "department": "95",
      "image": "elec-080"
    },
    {
      "slug": "athis-mons",
      "name": "ATHIS-MONS",
      "department": "91",
      "image": "elec-084"
    },
    {
      "slug": "trappes",
      "name": "TRAPPES",
      "department": "78",
      "image": "elec-092"
    },
    {
      "slug": "charenton-le-pont",
      "name": "CHARENTON-LE-PONT",
      "department": "94",
      "image": "elec-093"
    },
    {
      "slug": "villemomble",
      "name": "VILLEMOMBLE",
      "department": "93",
      "image": "elec-100"
    },
    {
      "slug": "la-garenne-colombes",
      "name": "LA GARENNE-COLOMBES",
      "department": "92",
      "image": "elec-105"
    },
    {
      "slug": "grigny",
      "name": "GRIGNY",
      "department": "91",
      "image": "elec-113"
    },
    {
      "slug": "fresnes",
      "name": "FRESNES",
      "department": "94",
      "image": "elec-115"
    },
    {
      "slug": "rambouillet",
      "name": "RAMBOUILLET",
      "department": "78",
      "image": "elec-116"
    },
    {
      "slug": "saint-gratien",
      "name": "SAINT-GRATIEN",
      "department": "95",
      "image": "elec-157"
    },
    {
      "slug": "arcueil",
      "name": "ARCUEIL",
      "department": "94",
      "image": "elec-162"
    },
    {
      "slug": "sceaux",
      "name": "SCEAUX",
      "department": "92",
      "image": "elec-163"
    },
    {
      "slug": "chaville",
      "name": "CHAVILLE",
      "department": "92",
      "image": "elec-169"
    },
    {
      "slug": "saint-cyr-l-ecole",
      "name": "SAINT-CYR-L'ECOLE",
      "department": "78",
      "image": "elec-180"
    },
    {
      "slug": "orsay",
      "name": "ORSAY",
      "department": "91",
      "image": "elec-195"
    },
    {
      "slug": "avon",
      "name": "AVON",
      "department": "77",
      "image": "elec-214"
    },
    {
      "slug": "morangis",
      "name": "MORANGIS",
      "department": "91",
      "image": "elec-228"
    },
    {
      "slug": "aubergenville",
      "name": "AUBERGENVILLE",
      "department": "78",
      "image": "elec-230"
    },
    {
      "slug": "lieusaint",
      "name": "LIEUSAINT",
      "department": "77",
      "image": "elec-240"
    },
    {
      "slug": "fosses",
      "name": "FOSSES",
      "department": "95",
      "image": "elec-252"
    },
    {
      "slug": "vernouillet",
      "name": "VERNOUILLET",
      "department": "78",
      "image": "elec-254"
    },
    {
      "slug": "breuillet",
      "name": "BREUILLET",
      "department": "91",
      "image": "elec-274"
    },
    {
      "slug": "saint-prix",
      "name": "SAINT-PRIX",
      "department": "95",
      "image": "elec-292"
    },
    {
      "slug": "la-ville-du-bois",
      "name": "LA VILLE-DU-BOIS",
      "department": "91",
      "image": "elec-296"
    },
    {
      "slug": "soisy-sur-seine",
      "name": "SOISY-SUR-SEINE",
      "department": "91",
      "image": "elec-298"
    },
    {
      "slug": "saint-pierre-les-nemours",
      "name": "SAINT-PIERRE-LES-NEMOURS",
      "department": "77",
      "image": "elec-341"
    },
    {
      "slug": "souppes-sur-loing",
      "name": "SOUPPES-SUR-LOING",
      "department": "77",
      "image": "elec-342"
    },
    {
      "slug": "fontenay-tresigny",
      "name": "FONTENAY-TRESIGNY",
      "department": "77",
      "image": "elec-012"
    },
    {
      "slug": "la-ferte-gaucher",
      "name": "LA FERTE-GAUCHER",
      "department": "77",
      "image": "elec-040"
    },
    {
      "slug": "bonnieres-sur-seine",
      "name": "BONNIERES-SUR-SEINE",
      "department": "78",
      "image": "elec-044"
    },
    {
      "slug": "morigny-champigny",
      "name": "MORIGNY-CHAMPIGNY",
      "department": "91",
      "image": "elec-046"
    },
    {
      "slug": "maurecourt",
      "name": "MAURECOURT",
      "department": "78",
      "image": "elec-047"
    },
    {
      "slug": "chessy",
      "name": "CHESSY",
      "department": "77",
      "image": "elec-048"
    },
    {
      "slug": "cregy-les-meaux",
      "name": "CREGY-LES-MEAUX",
      "department": "77",
      "image": "elec-049"
    },
    {
      "slug": "luzarches",
      "name": "LUZARCHES",
      "department": "95",
      "image": "elec-050"
    },
    {
      "slug": "brou-sur-chantereine",
      "name": "BROU-SUR-CHANTEREINE",
      "department": "77",
      "image": "elec-051"
    },
    {
      "slug": "crecy-la-chapelle",
      "name": "CRECY-LA-CHAPELLE",
      "department": "77",
      "image": "elec-052"
    },
    {
      "slug": "jouarre",
      "name": "JOUARRE",
      "department": "77",
      "image": "elec-053"
    },
    {
      "slug": "villenoy",
      "name": "VILLENOY",
      "department": "77",
      "image": "elec-054"
    },
    {
      "slug": "le-thillay",
      "name": "LE THILLAY",
      "department": "95",
      "image": "elec-055"
    },
    {
      "slug": "leuville-sur-orge",
      "name": "LEUVILLE-SUR-ORGE",
      "department": "91",
      "image": "elec-056"
    },
    {
      "slug": "fourqueux",
      "name": "FOURQUEUX",
      "department": "78",
      "image": "elec-057"
    },
    {
      "slug": "la-norville",
      "name": "LA NORVILLE",
      "department": "91",
      "image": "elec-058"
    },
    {
      "slug": "le-plessis-pate",
      "name": "LE PLESSIS-PATE",
      "department": "91",
      "image": "elec-059"
    },
    {
      "slug": "la-ferte-alais",
      "name": "LA FERTE-ALAIS",
      "department": "91",
      "image": "elec-060"
    },
    {
      "slug": "ecquevilly",
      "name": "ECQUEVILLY",
      "department": "78",
      "image": "elec-061"
    },
    {
      "slug": "freneuse",
      "name": "FRENEUSE",
      "department": "78",
      "image": "elec-062"
    },
    {
      "slug": "bailly",
      "name": "BAILLY",
      "department": "78",
      "image": "elec-063"
    },
    {
      "slug": "villiers-sur-orge",
      "name": "VILLIERS-SUR-ORGE",
      "department": "91",
      "image": "elec-064"
    },
    {
      "slug": "survilliers",
      "name": "SURVILLIERS",
      "department": "95",
      "image": "elec-065"
    },
    {
      "slug": "saint-mard",
      "name": "SAINT-MARD",
      "department": "77",
      "image": "elec-066"
    },
    {
      "slug": "ballainvilliers",
      "name": "BALLAINVILLIERS",
      "department": "91",
      "image": "elec-067"
    },
    {
      "slug": "presles",
      "name": "PRESLES",
      "department": "95",
      "image": "elec-068"
    },
    {
      "slug": "juziers",
      "name": "JUZIERS",
      "department": "78",
      "image": "elec-069"
    },
    {
      "slug": "angerville",
      "name": "ANGERVILLE",
      "department": "91",
      "image": "elec-070"
    },
    {
      "slug": "boissy-sous-saint-yon",
      "name": "BOISSY-SOUS-SAINT-YON",
      "department": "91",
      "image": "elec-071"
    },
    {
      "slug": "santeny",
      "name": "SANTENY",
      "department": "94",
      "image": "elec-072"
    },
    {
      "slug": "forges-les-bains",
      "name": "FORGES-LES-BAINS",
      "department": "91",
      "image": "elec-073"
    },
    {
      "slug": "chevry-cossigny",
      "name": "CHEVRY-COSSIGNY",
      "department": "77",
      "image": "elec-074"
    },
    {
      "slug": "bruyeres-sur-oise",
      "name": "BRUYERES-SUR-OISE",
      "department": "95",
      "image": "elec-075"
    },
    {
      "slug": "lizy-sur-ourcq",
      "name": "LIZY-SUR-OURCQ",
      "department": "77",
      "image": "elec-076"
    },
    {
      "slug": "boissise-le-roi",
      "name": "BOISSISE-LE-ROI",
      "department": "77",
      "image": "elec-077"
    },
    {
      "slug": "saint-germain-sur-morin",
      "name": "SAINT-GERMAIN-SUR-MORIN",
      "department": "77",
      "image": "elec-078"
    },
    {
      "slug": "mezieres-sur-seine",
      "name": "MEZIERES-SUR-SEINE",
      "department": "78",
      "image": "elec-079"
    },
    {
      "slug": "mareil-marly",
      "name": "MAREIL-MARLY",
      "department": "78",
      "image": "elec-080"
    },
    {
      "slug": "thomery",
      "name": "THOMERY",
      "department": "77",
      "image": "elec-081"
    },
    {
      "slug": "montsoult",
      "name": "MONTSOULT",
      "department": "95",
      "image": "elec-082"
    },
    {
      "slug": "guignes",
      "name": "GUIGNES",
      "department": "77",
      "image": "elec-083"
    },
    {
      "slug": "briis-sous-forges",
      "name": "BRIIS-SOUS-FORGES",
      "department": "91",
      "image": "elec-085"
    },
    {
      "slug": "varennes-sur-seine",
      "name": "VARENNES-SUR-SEINE",
      "department": "77",
      "image": "elec-086"
    },
    {
      "slug": "puiseux-en-france",
      "name": "PUISEUX-EN-FRANCE",
      "department": "95",
      "image": "elec-087"
    },
    {
      "slug": "cerny",
      "name": "CERNY",
      "department": "91",
      "image": "elec-088"
    },
    {
      "slug": "houdan",
      "name": "HOUDAN",
      "department": "78",
      "image": "elec-089"
    },
    {
      "slug": "chaumontel",
      "name": "CHAUMONTEL",
      "department": "95",
      "image": "elec-090"
    },
    {
      "slug": "montry",
      "name": "MONTRY",
      "department": "77",
      "image": "elec-091"
    },
    {
      "slug": "ablis",
      "name": "ABLIS",
      "department": "78",
      "image": "elec-092"
    },
    {
      "slug": "marines",
      "name": "MARINES",
      "department": "95",
      "image": "elec-093"
    },
    {
      "slug": "saint-soupplets",
      "name": "SAINT-SOUPPLETS",
      "department": "77",
      "image": "elec-094"
    },
    {
      "slug": "annet-sur-marne",
      "name": "ANNET-SUR-MARNE",
      "department": "77",
      "image": "elec-096"
    },
    {
      "slug": "mereville",
      "name": "MEREVILLE",
      "department": "91",
      "image": "elec-097"
    },
    {
      "slug": "rocquencourt",
      "name": "ROCQUENCOURT",
      "department": "78",
      "image": "elec-098"
    },
    {
      "slug": "bruyeres-le-chatel",
      "name": "BRUYERES-LE-CHATEL",
      "department": "91",
      "image": "elec-099"
    },
    {
      "slug": "saint-mammes",
      "name": "SAINT-MAMMES",
      "department": "77",
      "image": "elec-100"
    },
    {
      "slug": "verneuil-l-etang",
      "name": "VERNEUIL-L'ETANG",
      "department": "77",
      "image": "elec-101"
    },
    {
      "slug": "dampmart",
      "name": "DAMPMART",
      "department": "77",
      "image": "elec-102"
    },
    {
      "slug": "collegien",
      "name": "COLLEGIEN",
      "department": "77",
      "image": "elec-103"
    },
    {
      "slug": "montfort-l-amaury",
      "name": "MONTFORT-L'AMAURY",
      "department": "78",
      "image": "elec-104"
    },
    {
      "slug": "chateau-landon",
      "name": "CHATEAU-LANDON",
      "department": "77",
      "image": "elec-105"
    },
    {
      "slug": "boissy-le-chatel",
      "name": "BOISSY-LE-CHATEL",
      "department": "77",
      "image": "elec-106"
    },
    {
      "slug": "boutigny-sur-essonne",
      "name": "BOUTIGNY-SUR-ESSONNE",
      "department": "91",
      "image": "elec-107"
    },
    {
      "slug": "la-rochette",
      "name": "LA ROCHETTE",
      "department": "77",
      "image": "elec-108"
    },
    {
      "slug": "etiolles",
      "name": "ETIOLLES",
      "department": "91",
      "image": "elec-109"
    },
    {
      "slug": "chaumes-en-brie",
      "name": "CHAUMES-EN-BRIE",
      "department": "77",
      "image": "elec-110"
    },
    {
      "slug": "neauphle-le-chateau",
      "name": "NEAUPHLE-LE-CHATEAU",
      "department": "78",
      "image": "elec-111"
    },
    {
      "slug": "servon",
      "name": "SERVON",
      "department": "77",
      "image": "elec-112"
    },
    {
      "slug": "moussy-le-neuf",
      "name": "MOUSSY-LE-NEUF",
      "department": "77",
      "image": "elec-113"
    },
    {
      "slug": "feucherolles",
      "name": "FEUCHEROLLES",
      "department": "78",
      "image": "elec-114"
    },
    {
      "slug": "margency",
      "name": "MARGENCY",
      "department": "95",
      "image": "elec-115"
    },
    {
      "slug": "porcheville",
      "name": "PORCHEVILLE",
      "department": "78",
      "image": "elec-116"
    },
    {
      "slug": "saint-vrain",
      "name": "SAINT-VRAIN",
      "department": "91",
      "image": "elec-117"
    },
    {
      "slug": "donnemarie-dontilly",
      "name": "DONNEMARIE-DONTILLY",
      "department": "77",
      "image": "elec-118"
    },
    {
      "slug": "pommeuse",
      "name": "POMMEUSE",
      "department": "77",
      "image": "elec-119"
    },
    {
      "slug": "frepillon",
      "name": "FREPILLON",
      "department": "95",
      "image": "elec-120"
    },
    {
      "slug": "montigny-sur-loing",
      "name": "MONTIGNY-SUR-LOING",
      "department": "77",
      "image": "elec-121"
    },
    {
      "slug": "champcueil",
      "name": "CHAMPCUEIL",
      "department": "91",
      "image": "elec-122"
    },
    {
      "slug": "saint-germain-laval",
      "name": "SAINT-GERMAIN-LAVAL",
      "department": "77",
      "image": "elec-123"
    },
    {
      "slug": "tigery",
      "name": "TIGERY",
      "department": "91",
      "image": "elec-124"
    },
    {
      "slug": "roissy-en-france",
      "name": "ROISSY-EN-FRANCE",
      "department": "95",
      "image": "elec-125"
    },
    {
      "slug": "rozay-en-brie",
      "name": "ROZAY-EN-BRIE",
      "department": "77",
      "image": "elec-126"
    },
    {
      "slug": "villiers-saint-frederic",
      "name": "VILLIERS-SAINT-FREDERIC",
      "department": "78",
      "image": "elec-127"
    },
    {
      "slug": "chauconin-neufmontiers",
      "name": "CHAUCONIN-NEUFMONTIERS",
      "department": "77",
      "image": "elec-128"
    },
    {
      "slug": "bourron-marlotte",
      "name": "BOURRON-MARLOTTE",
      "department": "77",
      "image": "elec-129"
    },
    {
      "slug": "coupvray",
      "name": "COUPVRAY",
      "department": "77",
      "image": "elec-130"
    },
    {
      "slug": "maisse",
      "name": "MAISSE",
      "department": "91",
      "image": "elec-131"
    },
    {
      "slug": "vernou-la-celle-sur-seine",
      "name": "VERNOU-LA-CELLE-SUR-SEINE",
      "department": "77",
      "image": "elec-132"
    },
    {
      "slug": "vert-le-petit",
      "name": "VERT-LE-PETIT",
      "department": "91",
      "image": "elec-133"
    },
    {
      "slug": "la-chapelle-la-reine",
      "name": "LA CHAPELLE-LA-REINE",
      "department": "77",
      "image": "elec-134"
    },
    {
      "slug": "vulaines-sur-seine",
      "name": "VULAINES-SUR-SEINE",
      "department": "77",
      "image": "elec-135"
    },
    {
      "slug": "la-grande-paroisse",
      "name": "LA GRANDE-PAROISSE",
      "department": "77",
      "image": "elec-136"
    },
    {
      "slug": "gometz-le-chatel",
      "name": "GOMETZ-LE-CHATEL",
      "department": "91",
      "image": "elec-137"
    },
    {
      "slug": "saint-martin-du-tertre",
      "name": "SAINT-MARTIN-DU-TERTRE",
      "department": "95",
      "image": "elec-138"
    },
    {
      "slug": "cannes-ecluse",
      "name": "CANNES-ECLUSE",
      "department": "77",
      "image": "elec-139"
    },
    {
      "slug": "saint-witz",
      "name": "SAINT-WITZ",
      "department": "95",
      "image": "elec-140"
    },
    {
      "slug": "montlignon",
      "name": "MONTLIGNON",
      "department": "95",
      "image": "elec-141"
    },
    {
      "slug": "chartrettes",
      "name": "CHARTRETTES",
      "department": "77",
      "image": "elec-142"
    },
    {
      "slug": "hericy",
      "name": "HERICY",
      "department": "77",
      "image": "elec-143"
    },
    {
      "slug": "asnieres-sur-oise",
      "name": "ASNIERES-SUR-OISE",
      "department": "95",
      "image": "elec-144"
    },
    {
      "slug": "champlan",
      "name": "CHAMPLAN",
      "department": "91",
      "image": "elec-145"
    },
    {
      "slug": "andilly",
      "name": "ANDILLY",
      "department": "95",
      "image": "elec-146"
    },
    {
      "slug": "pringy",
      "name": "PRINGY",
      "department": "77",
      "image": "elec-147"
    },
    {
      "slug": "ecuelles",
      "name": "ECUELLES",
      "department": "77",
      "image": "elec-148"
    },
    {
      "slug": "gambais",
      "name": "GAMBAIS",
      "department": "78",
      "image": "elec-149"
    },
    {
      "slug": "longperrier",
      "name": "LONGPERRIER",
      "department": "77",
      "image": "elec-150"
    },
    {
      "slug": "faremoutiers",
      "name": "FAREMOUTIERS",
      "department": "77",
      "image": "elec-151"
    },
    {
      "slug": "grisy-suisnes",
      "name": "GRISY-SUISNES",
      "department": "77",
      "image": "elec-152"
    },
    {
      "slug": "flins-sur-seine",
      "name": "FLINS-SUR-SEINE",
      "department": "78",
      "image": "elec-153"
    },
    {
      "slug": "vert-le-grand",
      "name": "VERT-LE-GRAND",
      "department": "91",
      "image": "elec-154"
    },
    {
      "slug": "morainvilliers",
      "name": "MORAINVILLIERS",
      "department": "78",
      "image": "elec-155"
    },
    {
      "slug": "evry-gregy-sur-yerre",
      "name": "EVRY-GREGY-SUR-YERRE",
      "department": "77",
      "image": "elec-156"
    },
    {
      "slug": "bray-sur-seine",
      "name": "BRAY-SUR-SEINE",
      "department": "77",
      "image": "elec-157"
    },
    {
      "slug": "paris-1er",
      "name": "Paris 1er",
      "department": "75",
      "image": "elec-159"
    },
    {
      "slug": "paris-2e",
      "name": "Paris 2e",
      "department": "75",
      "image": "elec-160"
    },
    {
      "slug": "paris-3e",
      "name": "Paris 3e",
      "department": "75",
      "image": "elec-161"
    },
    {
      "slug": "paris-4e",
      "name": "Paris 4e",
      "department": "75",
      "image": "elec-162"
    },
    {
      "slug": "paris-5e",
      "name": "Paris 5e",
      "department": "75",
      "image": "elec-163"
    },
    {
      "slug": "paris-6e",
      "name": "Paris 6e",
      "department": "75",
      "image": "elec-164"
    },
    {
      "slug": "paris-7e",
      "name": "Paris 7e",
      "department": "75",
      "image": "elec-165"
    },
    {
      "slug": "paris-8e",
      "name": "Paris 8e",
      "department": "75",
      "image": "elec-166"
    },
    {
      "slug": "paris-9e",
      "name": "Paris 9e",
      "department": "75",
      "image": "elec-167"
    },
    {
      "slug": "paris-10e",
      "name": "Paris 10e",
      "department": "75",
      "image": "elec-168"
    },
    {
      "slug": "paris-12e",
      "name": "Paris 12e",
      "department": "75",
      "image": "elec-170"
    },
    {
      "slug": "paris-13e",
      "name": "Paris 13e",
      "department": "75",
      "image": "elec-171"
    },
    {
      "slug": "paris-14e",
      "name": "Paris 14e",
      "department": "75",
      "image": "elec-172"
    },
    {
      "slug": "paris-15e",
      "name": "Paris 15e",
      "department": "75",
      "image": "elec-173"
    },
    {
      "slug": "paris-16e",
      "name": "Paris 16e",
      "department": "75",
      "image": "elec-174"
    },
    {
      "slug": "paris-17e",
      "name": "Paris 17e",
      "department": "75",
      "image": "elec-175"
    },
    {
      "slug": "paris-18e",
      "name": "Paris 18e",
      "department": "75",
      "image": "elec-176"
    },
    {
      "slug": "paris-19e",
      "name": "Paris 19e",
      "department": "75",
      "image": "elec-177"
    },
    {
      "slug": "paris-20e",
      "name": "Paris 20e",
      "department": "75",
      "image": "elec-178"
    }
  ]
}